{"cameraMode":{"drawMode":0,"name":"Shaded","section":"Shading Mode"},"sceneLighting":true,"audioPlay":false,"sceneViewState":{"showFog":true,"showMaterialUpdate":false,"showSkybox":true,"showFlares":true,"showImageEffects":true,"showParticleSystems":true},"in2DMode":false,"pivot":{"x":4.0840253829956059,"y":1.3015093803405762,"z":2.530388355255127},"rotation":{"x":-0.05368681252002716,"y":0.003863407764583826,"z":0.00020684416813310236,"w":0.9985526204109192},"size":4.960013389587402,"orthographic":false}